table_name,c001_count,public_count,schema,query,Required(Yes/No)
activity,124,3,c001,select * from c001.activity,Y
activitycode,138,354,public,select * from public.activitycode,Y
activitycodehotkey,0,0,public,select * from public.activitycodehotkey,
activitycodeinventoryitemtype,0,15,public,select * from public.activitycodeinventoryitemtype,
activitycodeplqmapping,0,0,public,select * from public.activitycodeplqmapping,
activitycodeupstreamdependencies,0,0,public,select * from public.activitycodeupstreamdependencies,
activityrate,120,552,public,select * from public.activityrate,Y
activityratemarkup,0,0,public,select * from public.activityratemarkup,
activitytype,12,7,c001,select * from c001.activitytype,Y
addressformat,3,3,public,select * from public.addressformat,N
allowanceexpression,4,4,public,select * from public.allowanceexpression,N
alternateprintmethod,13,100761,public,select * from public.alternateprintmethod,N
alternateprintmethodcontent,0,0,public,select * from public.alternateprintmethodcontent,
approvalgroup,0,0,public,select * from public.approvalgroup,
apsetup,1,1,public,select * from public.apsetup,N
arsetup,1,1,public,select * from public.arsetup,N
assetclass,9,9,public,select * from public.assetclass,N
assetdepbatch,0,0,public,select * from public.assetdepbatch,
assetdepline,0,0,public,select * from public.assetdepline,
assetpostinggroup,0,0,public,select * from public.assetpostinggroup,
assettransaction,0,0,public,select * from public.assettransaction,
assettransactionbatch,0,0,public,select * from public.assettransactionbatch,
attachmentcategory,4,4,public,select * from public.attachmentcategory,N
attachmentrule,25,25,public,select * from public.attachmentrule,N
attachmentsetup,1,1,public,select * from public.attachmentsetup,N
autobill,0,0,public,select * from public.autobill,
autobillline,0,0,public,select * from public.autobillline,
autoinvoice,0,0,public,select * from public.autoinvoice,
autoinvoiceline,0,0,public,select * from public.autoinvoiceline,
bankaccount,2,3,public,select * from public.bankaccount,N
bankaccountline,6,11688,public,select * from public.bankaccountline,Y
bankstatement,0,2,public,select * from public.bankstatement,
bill,3,14886,public,select * from public.bill,Y
billbatch,3,1997,public,select * from public.billbatch,Y
billcheck,0,0,public,select * from public.billcheck,
billline,3,35266,public,select * from public.billline,Y
billoflading,0,0,public,select * from public.billoflading,
billpayment,2,14983,public,select * from public.billpayment,Y
billpaymentbatch,1,1331,public,select * from public.billpaymentbatch,Y
billstatus,10,10,public,select * from public.billstatus,Y
binder,1,8,public,select * from public.binder,Y
binderspeed,12,79,public,select * from public.binderspeed,Y
bindingmethod,6,64,public,select * from public.bindingmethod,Y
bindingmethodfinishingop,12,213,public,select * from public.bindingmethodfinishingop,Y
campaign,1,0,c001,select * from c001.campaign,
campaignnote,1,0,c001,select * from c001.campaignnote,
campaigntype,6,6,public,select * from public.campaigntype,N
carton,26,59680,public,select * from public.carton,Y
cartoncontent,73,59676,public,select * from public.cartoncontent,Y
certificationauthority,1,1,public,select * from public.certificationauthority,N
certificationlevel,6,6,public,select * from public.certificationlevel,N
certificationproductclassification,23,23,public,select * from public.certificationproductclassification,N
certificationtraining,0,0,public,select * from public.certificationtraining,
changeorder,0,0,public,select * from public.changeorder,
changeorderline,0,0,public,select * from public.changeorderline,
changeordertype,2,2,public,select * from public.changeordertype,N
chargebackaccount,0,0,public,select * from public.chargebackaccount,
combojob,0,0,public,select * from public.combojob,
company,1,1,public,select * from public.company,N
componenttype,3,3,public,select * from public.componenttype,N
contact,25044,17287,c001,select * from c001.contact,N
contactnote,6,0,c001,select * from c001.contactnote,
contentfile,0,0,public,select * from public.contentfile,
contentfilecategory,7,7,public,select * from public.contentfilecategory,N
contentfilecontour,0,0,public,select * from public.contentfilecontour,
costcategory,1,1,public,select * from public.costcategory,N
costcenter,60,116,public,select * from public.costcenter,Y
costcentertype,4,7,public,select * from public.costcentertype,Y
country,242,242,public,select * from public.country,Y
countrygroup,1,1,public,select * from public.countrygroup,N
countrygroupmember,28,28,public,select * from public.countrygroupmember,N
crmsetup,1,1,public,select * from public.crmsetup,N
crmstatus,5,5,public,select * from public.crmstatus,N
crmuser,0,0,public,select * from public.crmuser,
csr,9,13,public,select * from public.csr,Y
currency,1,1,public,select * from public.currency,Y
currencyexchangerate,0,0,public,select * from public.currencyexchangerate,
customer,23328,166,c001,select * from c001.customer,Y
customercalculate,0,0,public,select * from public.customercalculate,
customercommissiondistribution,0,0,public,select * from public.customercommissiondistribution,
customergroup,53,2,c001,select * from c001.customergroup,Y
customergroupdiscount,0,0,public,select * from public.customergroupdiscount,
customernote,1037,1,c001,select * from c001.customernote,Y
customerpaymentmethod,0,0,public,select * from public.customerpaymentmethod,
customershoppingcartextra,0,0,public,select * from public.customershoppingcartextra,
customerstatus,6,6,public,select * from public.customerstatus,Y
customertype,3,2,c001,select * from c001.customertype,Y
cutter,2,3,public,select * from public.cutter,Y
cutteralignmentmarkgroup,0,0,public,select * from public.cutteralignmentmarkgroup,
cyclecount,0,5,public,select * from public.cyclecount,
datacollectionsetup,1,1,public,select * from public.datacollectionsetup,N
department,11,11,public,select * from public.department,Y
depreciationmethod,1,1,public,select * from public.depreciationmethod,N
detailuom,62,0,c001,select * from c001.detailuom,
devicecapability,2,4,public,select * from public.devicecapability,N
digitalworkflowsetup,1,1,public,select * from public.digitalworkflowsetup,N
disallowedautochangeabletojobstatus,0,0,public,select * from public.disallowedautochangeabletojobstatus,
distribution,4,4,public,select * from public.distribution,Y
dsfentity,0,0,public,select * from public.dsfentity,
dsfmediasize,21,21,public,select * from public.dsfmediasize,N
dsforderstatus,0,0,public,select * from public.dsforderstatus,
dunningletter,4,4,public,select * from public.dunningletter,N
emailtemplate,36,36,public,select * from public.emailtemplate,N
emailtemplatecategory,1,1,public,select * from public.emailtemplatecategory,N
employee,63,249,public,select * from public.employee,Y
employeecounttype,6,3,c001,select * from c001.employeecounttype,N
employeehotkey,0,0,public,select * from public.employeehotkey,
employeenote,0,0,public,select * from public.employeenote,
employeepayrolldeduction,434,1526,public,select * from public.employeepayrolldeduction,N
employeestatus,2,2,public,select * from public.employeestatus,Y
employeetime,5,63359,public,select * from public.employeetime,Y
employeetimesession,0,0,public,select * from public.employeetimesession,
epacestationsetup,1,1,public,select * from public.epacestationsetup,N
eservicesetup,1,1,public,select * from public.eservicesetup,N
estimate,3,17369,public,select * from public.estimate,Y
estimateactivity,114,1793009,public,select * from public.estimateactivity,Y
estimatecalcmessage,0,255,public,select * from public.estimatecalcmessage,
estimatecarton,0,0,public,select * from public.estimatecarton,
estimatecartoncontent,0,0,public,select * from public.estimatecartoncontent,
estimatecomponent,0,0,public,select * from public.estimatecomponent,
estimatecompositeproduct,0,17,public,select * from public.estimatecompositeproduct,
estimatecompositeproductentry,0,49,public,select * from public.estimatecompositeproductentry,
estimatedpricingpolicy,0,0,public,select * from public.estimatedpricingpolicy,
estimateexpression,10,10,public,select * from public.estimateexpression,N
estimatefinishingop,17,258455,public,select * from public.estimatefinishingop,Y
estimateink,4,113190,public,select * from public.estimateink,Y
estimateintentinfo,0,0,public,select * from public.estimateintentinfo,
estimateitem,0,0,public,select * from public.estimateitem,
estimatelayout,0,0,public,select * from public.estimatelayout,
estimatelayoutcontent,0,0,public,select * from public.estimatelayoutcontent,
estimatemail,0,0,public,select * from public.estimatemail,
estimatematerial,0,224,public,select * from public.estimatematerial,
estimatenote,0,39,public,select * from public.estimatenote,
estimateoption,0,235,public,select * from public.estimateoption,
estimateoutsidepurch,3,2216,public,select * from public.estimateoutsidepurch,Y
estimatepaper,7,71949,public,select * from public.estimatepaper,Y
estimatepart,3,22784,public,select * from public.estimatepart,Y
estimatepartcontentfile,0,0,public,select * from public.estimatepartcontentfile,
estimatepartimpositionallowance,0,0,public,select * from public.estimatepartimpositionallowance,
estimatepartsizeallowance,3,24434,public,select * from public.estimatepartsizeallowance,Y
estimateprepressop,17,193179,public,select * from public.estimateprepressop,Y
estimatepress,7,72295,public,select * from public.estimatepress,Y
estimatepresscontent,0,0,public,select * from public.estimatepresscontent,
estimatepressevent,0,93,public,select * from public.estimatepressevent,
estimatepressink,0,83874,public,select * from public.estimatepressink,
estimatepressmixedmedia,0,0,public,select * from public.estimatepressmixedmedia,
estimatepricesummary,7,57307,public,select * from public.estimatepricesummary,Y
estimateproduct,3,17639,public,select * from public.estimateproduct,Y
estimateproductcategory,11,24,public,select * from public.estimateproductcategory,Y
estimateproductcategoryjobproducttype,1,126,public,select * from public.estimateproductcategoryjobproducttype,Y
estimateproductpricesummary,7,57942,public,select * from public.estimateproductpricesummary,Y
estimatequantity,7,71951,public,select * from public.estimatequantity,Y
estimatequantitycommissiondistribution,0,0,public,select * from public.estimatequantitycommissiondistribution,
estimatequantitycontributionanalysis,14,374101,public,select * from public.estimatequantitycontributionanalysis,Y
estimatequoteletter,0,308,public,select * from public.estimatequoteletter,
estimatequoteletternote,0,3338,public,select * from public.estimatequoteletternote,
estimatequoteletternoteprice,0,1062,public,select * from public.estimatequoteletternoteprice,
estimaterequest,0,0,public,select * from public.estimaterequest,
estimaterequestcomponent,0,0,public,select * from public.estimaterequestcomponent,
estimaterequestfinishingop,0,0,public,select * from public.estimaterequestfinishingop,
estimaterequestitem,0,0,public,select * from public.estimaterequestitem,
estimaterequestmaterial,0,0,public,select * from public.estimaterequestmaterial,
estimaterequestnote,0,0,public,select * from public.estimaterequestnote,
estimaterequestoption,0,0,public,select * from public.estimaterequestoption,
estimaterequestpart,0,0,public,select * from public.estimaterequestpart,
estimaterequestpartsizeallowance,0,0,public,select * from public.estimaterequestpartsizeallowance,
estimaterequestprepressop,0,0,public,select * from public.estimaterequestprepressop,
estimaterequestpressevent,0,0,public,select * from public.estimaterequestpressevent,
estimaterequestproduct,0,0,public,select * from public.estimaterequestproduct,
estimaterequestsetup,1,1,public,select * from public.estimaterequestsetup,N
estimaterequeststatus,9,9,public,select * from public.estimaterequeststatus,Y
estimatesetup,1,1,public,select * from public.estimatesetup,N
estimateshipment,0,0,public,select * from public.estimateshipment,
estimateskid,0,0,public,select * from public.estimateskid,
estimatestatus,7,8,public,select * from public.estimatestatus,Y
estimatevariantset,0,0,public,select * from public.estimatevariantset,
estimatevariantsetentry,0,0,public,select * from public.estimatevariantsetentry,
estimator,4,7,public,select * from public.estimator,Y
eventhandlerconditiondefinition,485,455,c001,select * from c001.eventhandlerconditiondefinition,N
eventhandlerdefinition,341,435,public,select * from public.eventhandlerdefinition,N
eventhandleremailconsequencedefinition,249,265,public,select * from public.eventhandleremailconsequencedefinition,N
eventhandleremailrecipient,213,218,public,select * from public.eventhandleremailrecipient,N
eventhandleremailreportattachment,127,136,public,select * from public.eventhandleremailreportattachment,N
eventhandlereventdefinition,341,435,public,select * from public.eventhandlereventdefinition,N
eventhandlerexecuteconnectdefinition,94,172,public,select * from public.eventhandlerexecuteconnectdefinition,N
eventhandlernotificationconsequencedefinition,0,0,public,select * from public.eventhandlernotificationconsequencedefinition,
eventhandlernotificationrecipient,0,0,public,select * from public.eventhandlernotificationrecipient,
eventhandlerprintreportdefinition,0,0,public,select * from public.eventhandlerprintreportdefinition,
expression,35,35,public,select * from public.expression,N
expressioncategory,2,2,public,select * from public.expressioncategory,N
externalbodprimarykeyreference,0,0,public,select * from public.externalbodprimarykeyreference,
externaldatasource,0,0,public,select * from public.externaldatasource,
externalentity,0,0,public,select * from public.externalentity,
externalentityfield,0,0,public,select * from public.externalentityfield,
externalrelation,0,0,public,select * from public.externalrelation,
externalrelationcomponent,0,0,public,select * from public.externalrelationcomponent,
extrastock,3,3,public,select * from public.extrastock,N
facebookaccount,0,0,public,select * from public.facebookaccount,
fasetup,1,1,public,select * from public.fasetup,N
fieldmetadata,6,11,public,select * from public.fieldmetadata,N
fileattachment,3160,8984,public,select * from public.fileattachment,N
fileattachmentmeta,4,57,public,select * from public.fileattachmentmeta,N
filetype,2,2,public,select * from public.filetype,N
fingoodsorder,0,0,public,select * from public.fingoodsorder,
finishingmachinetype,7,7,public,select * from public.finishingmachinetype,Y
finishingoperation,59,95,public,select * from public.finishingoperation,Y
finishingoperationdisplayattribute,2189,3089,public,select * from public.finishingoperationdisplayattribute,Y
finishingoperationgroup,1,3,public,select * from public.finishingoperationgroup,Y
finishingoperationmaterial,0,4,public,select * from public.finishingoperationmaterial,
finishingoperationspeed,51,66,public,select * from public.finishingoperationspeed,N
fixedasset,0,0,public,select * from public.fixedasset,
fixedassetnote,0,0,public,select * from public.fixedassetnote,
folder,3,8,public,select * from public.folder,N
folderspeed,0,4,public,select * from public.folderspeed,
foldpattern,3,75,public,select * from public.foldpattern,N
font,0,0,public,select * from public.font,
freightclassification,8,8,public,select * from public.freightclassification,Y
freightlinkupsentry,0,0,public,select * from public.freightlinkupsentry,
fulfillmentsetup,1,1,public,select * from public.fulfillmentsetup,N
genericfinishingmachine,0,2,public,select * from public.genericfinishingmachine,
genericfinishingspeed,0,0,public,select * from public.genericfinishingspeed,
glaccount,128,395,public,select * from public.glaccount,Y
glaccountbalance,1368,24405,public,select * from public.glaccountbalance,Y
glaccountbudget,0,0,public,select * from public.glaccountbudget,
glaccountingperiod,39,143,public,select * from public.glaccountingperiod,Y
glaccountingperiodsummaryname,0,1,public,select * from public.glaccountingperiodsummaryname,
glbatch,13,7633,public,select * from public.glbatch,Y
gldepartment,12,1,c001,select * from c001.gldepartment,Y
gldepartmentlocation,0,0,public,select * from public.gldepartmentlocation,
gljournalentry,67,213283,public,select * from public.gljournalentry,Y
gljournalentryaudit,0,76169,public,select * from public.gljournalentryaudit,
gllocation,1,3,public,select * from public.gllocation,Y
glregisternumber,14,7788,public,select * from public.glregisternumber,Y
glschedule,0,0,public,select * from public.glschedule,
glscheduleline,0,0,public,select * from public.glscheduleline,
glsetup,1,1,public,select * from public.glsetup,N
glsplit,0,0,public,select * from public.glsplit,
glsummaryname,5,5,public,select * from public.glsummaryname,Y
howtodedupe,3,3,public,select * from public.howtodedupe,N
i18nbundle,0,0,public,select * from public.i18nbundle,
importcontrol,6,6,public,select * from public.importcontrol,N
importelement,133,133,public,select * from public.importelement,N
importtemplate,2,2,public,select * from public.importtemplate,N
importtemplatecategory,1,1,public,select * from public.importtemplatecategory,N
importtemplateobjectnode,6,6,public,select * from public.importtemplateobjectnode,N
importtemplateparameter,2,2,public,select * from public.importtemplateparameter,N
importtemplatexpathvariable,1,1,public,select * from public.importtemplatexpathvariable,N
indexmetadata,0,0,public,select * from public.indexmetadata,
industrytype,16,3,c001,select * from c001.industrytype,Y
ink,24,29,public,select * from public.ink,Y
inkdefault,2,17,public,select * from public.inkdefault,Y
inquirydefinition,0,0,public,select * from public.inquirydefinition,
inserttype,2,2,public,select * from public.inserttype,N
installationtool,0,0,public,select * from public.installationtool,
installationtoolcategory,0,0,public,select * from public.installationtoolcategory,
installationtoolchecklist,0,0,public,select * from public.installationtoolchecklist,
inventorybatch,17,46242,public,select * from public.inventorybatch,Y
inventorybin,1,3,public,select * from public.inventorybin,Y
inventorybinquantity,562,169,c001,select * from c001.inventorybinquantity,Y
inventoryconversion,0,0,public,select * from public.inventoryconversion,
inventoryconversiontarget,0,0,public,select * from public.inventoryconversiontarget,
inventoryitem,33888,150,c001,select * from c001.inventoryitem,Y
inventoryitemcertification,0,0,public,select * from public.inventoryitemcertification,
inventoryitemkit,0,0,public,select * from public.inventoryitemkit,
inventoryitempurchaseuom,33889,155,c001,select * from c001.inventoryitempurchaseuom,Y
inventoryitemtype,13,13,public,select * from public.inventoryitemtype,Y
inventoryitemvendor,280,97,c001,select * from c001.inventoryitemvendor,Y
inventoryitemvendorcost,0,4,public,select * from public.inventoryitemvendorcost,
inventoryline,121,46731,public,select * from public.inventoryline,Y
inventorylocation,1,3,public,select * from public.inventorylocation,Y
inventorylocationquantity,562,169,c001,select * from c001.inventorylocationquantity,Y
inventorysetup,1,1,public,select * from public.inventorysetup,N
inventorystatus,1,2,public,select * from public.inventorystatus,Y
inventorytrntype,5,5,public,select * from public.inventorytrntype,N
invoice,11,41395,public,select * from public.invoice,Y
invoicebatch,7,2071,public,select * from public.invoicebatch,Y
invoicebodidlink,0,0,public,select * from public.invoicebodidlink,
invoicecommdist,14,38267,public,select * from public.invoicecommdist,Y
invoiceextra,7,0,c001,select * from c001.invoiceextra,
invoiceextratype,6,6,public,select * from public.invoiceextratype,N
invoiceline,81,41976,public,select * from public.invoiceline,Y
invoicesalesdist,0,13,public,select * from public.invoicesalesdist,
invoicesource,0,3869,public,select * from public.invoicesource,
invoicetaxdist,6,55549,public,select * from public.invoicetaxdist,Y
invoicetype,2,2,public,select * from public.invoicetype,Y
issue,0,0,public,select * from public.issue,
issuecomment,0,0,public,select * from public.issuecomment,
issueresolution,2,2,public,select * from public.issueresolution,N
issuestatus,2,2,public,select * from public.issuestatus,N
issuesubtype,0,0,public,select * from public.issuesubtype,
issuetype,1,1,public,select * from public.issuetype,N
itemtemplate,76,2,c001,select * from c001.itemtemplate,N
itemtemplatecombolink,0,0,public,select * from public.itemtemplatecombolink,
itemtemplateline,472,1,c001,select * from c001.itemtemplateline,N
itemtemplatelineattribute,1211,1,c001,select * from c001.itemtemplatelineattribute,N
itemtemplateproducttype,1,1,public,select * from public.itemtemplateproducttype,N
itemtemplateproducttypeitem,985,388,c001,select * from c001.itemtemplateproducttypeitem,N
itemtemplateproducttypemapping,13,1,c001,select * from c001.itemtemplateproducttypemapping,N
itemtemplatequantity,7,0,c001,select * from c001.itemtemplatequantity,
itemtemplatesetup,1,1,public,select * from public.itemtemplatesetup,N
itemtemplatetype,14,1,c001,select * from c001.itemtemplatetype,N
jmfreceivedmessage,0,0,public,select * from public.jmfreceivedmessage,
jmfreceivedmessagepartition,0,0,public,select * from public.jmfreceivedmessagepartition,
jmfreceivedmessagetransaction,0,0,public,select * from public.jmfreceivedmessagetransaction,
jmfreceivedmessagetransactionpartition,0,0,public,select * from public.jmfreceivedmessagetransactionpartition,
job,275,42132,public,select * from public.job,Y
jobarchive,10,41395,public,select * from public.jobarchive,Y
jobbillingaccountingcode,0,0,public,select * from public.jobbillingaccountingcode,
jobbillingsetup,1,1,public,select * from public.jobbillingsetup,N
jobcomponent,0,1,public,select * from public.jobcomponent,
jobcontact,749,98137,public,select * from public.jobcontact,Y
jobcontrolsetup,1,1,public,select * from public.jobcontrolsetup,N
jobcost,37,1194213,public,select * from public.jobcost,Y
jobcostsetup,1,1,public,select * from public.jobcostsetup,N
jobcosttype,15,15,public,select * from public.jobcosttype,Y
jobdifficulty,3,5,public,select * from public.jobdifficulty,Y
jobdiscount,0,0,public,select * from public.jobdiscount,
jobmaterial,1140,202978,public,select * from public.jobmaterial,Y
jobnote,153,67912,public,select * from public.jobnote,Y
jobover,0,0,public,select * from public.jobover,
jobpart,1020,50599,public,select * from public.jobpart,Y
jobpartcommissiondistribution,0,0,public,select * from public.jobpartcommissiondistribution,
jobpartcontentfile,0,0,public,select * from public.jobpartcontentfile,
jobpartfinishingop,200,187050,public,select * from public.jobpartfinishingop,Y
jobpartimpositionallowance,0,0,public,select * from public.jobpartimpositionallowance,
jobpartitem,286,0,c001,select * from c001.jobpartitem,
jobpartmail,1,50377,public,select * from public.jobpartmail,Y
jobpartoption,0,100,public,select * from public.jobpartoption,
jobpartoutsidepurch,40,1115,public,select * from public.jobpartoutsidepurch,Y
jobpartprepressop,62,138328,public,select * from public.jobpartprepressop,Y
jobpartpressform,108,50490,public,select * from public.jobpartpressform,Y
jobpartpressformcontent,0,0,public,select * from public.jobpartpressformcontent,
jobpartpressformevent,0,121,public,select * from public.jobpartpressformevent,
jobpartpressformink,0,157175,public,select * from public.jobpartpressformink,
jobpartpressformmixedmedia,0,0,public,select * from public.jobpartpressformmixedmedia,
jobpartsalesdist,0,0,public,select * from public.jobpartsalesdist,
jobpartsalesdistline,0,0,public,select * from public.jobpartsalesdistline,
jobpartsizeallowance,10,65795,public,select * from public.jobpartsizeallowance,Y
jobplan,206,241121,public,select * from public.jobplan,Y
jobplandependancies,0,0,public,select * from public.jobplandependancies,
jobplansetup,1,1,public,select * from public.jobplansetup,N
jobproduct,955,42138,public,select * from public.jobproduct,Y
jobproducttype,17,128,public,select * from public.jobproducttype,Y
jobproject,0,0,public,select * from public.jobproject,
jobreorder,0,0,public,select * from public.jobreorder,
jobshipment,26,43723,public,select * from public.jobshipment,Y
jobstatus,9,16,public,select * from public.jobstatus,Y
jobstatusreason,0,0,public,select * from public.jobstatusreason,
jobtype,12,14,public,select * from public.jobtype,Y
jobtypeplan,0,0,public,select * from public.jobtypeplan,
joinedgroup,244,675,public,select * from public.joinedgroup,Y
keypad,0,0,public,select * from public.keypad,
language,42,42,public,select * from public.language,N
languageregion,81,81,public,select * from public.languageregion,N
legalentity,0,0,public,select * from public.legalentity,
link,0,0,public,select * from public.link,
listsource,3,3,public,select * from public.listsource,N
localfileattachment,27,7243,public,select * from public.localfileattachment,N
lookandfeel,1,1,public,select * from public.lookandfeel,N
lot,0,0,public,select * from public.lot,
lotcyclecount,0,0,public,select * from public.lotcyclecount,
mailingclass,6,6,public,select * from public.mailingclass,N
mailingsetup,1,1,public,select * from public.mailingsetup,N
mailingsize,4,4,public,select * from public.mailingsize,N
mailingtabs,3,3,public,select * from public.mailingtabs,N
mailingtype,4,4,public,select * from public.mailingtype,N
manufacturinglocation,1,2,public,select * from public.manufacturinglocation,Y
manufacturinglocationshipdatetime,0,0,public,select * from public.manufacturinglocationshipdatetime,
masterbilloflading,0,0,public,select * from public.masterbilloflading,
materialprovided,2,2,public,select * from public.materialprovided,Y
merchantaccount,0,0,public,select * from public.merchantaccount,
metrixcutteroperation,2,2,public,select * from public.metrixcutteroperation,Y
metrixfinishinggroup,0,0,public,select * from public.metrixfinishinggroup,
metrixfoldpattern,4,4,public,select * from public.metrixfoldpattern,N
metroarearelay,0,0,public,select * from public.metroarearelay,
metropolitanarea,0,0,public,select * from public.metropolitanarea,
networklocation,2,0,c001,select * from c001.networklocation,
nonchargeabletime,0,172683,public,select * from public.nonchargeabletime,
nonchargeabletype,257,483,public,select * from public.nonchargeabletype,N
nonplannedreason,5,6,public,select * from public.nonplannedreason,N
notecategory,17,17,public,select * from public.notecategory,N
notification,16,20,public,select * from public.notification,N
notificationread,0,52,public,select * from public.notificationread,
notificationrecipient,0,0,public,select * from public.notificationrecipient,
notificationsetup,1,1,public,select * from public.notificationsetup,N
numberpool,0,0,public,select * from public.numberpool,
objectcontextfilterrelationtype,15,15,public,select * from public.objectcontextfilterrelationtype,N
objectcontextfiltertype,1,1,public,select * from public.objectcontextfiltertype,N
objectcontextsecurityfilter,1,1,public,select * from public.objectcontextsecurityfilter,N
objectmetadata,4,5,public,select * from public.objectmetadata,N
opportunity,10,0,c001,select * from c001.opportunity,
opportunitytype,2,2,public,select * from public.opportunitytype,Y
option,125,126,public,select * from public.option,N
optionlist,22,23,public,select * from public.optionlist,N
organization,1,1,public,select * from public.organization,Y
organizationcompany,1,1,public,select * from public.organizationcompany,Y
organizationsystemuser,0,115,public,select * from public.organizationsystemuser,
organizationsystemusercompany,0,63,public,select * from public.organizationsystemusercompany,
outsidepurchasedescriptiontemplate,0,0,public,select * from public.outsidepurchasedescriptiontemplate,
outsidepurchasetemplate,0,0,public,select * from public.outsidepurchasetemplate,
outsidepurchasevendorprice,0,0,public,select * from public.outsidepurchasevendorprice,
outsidepurchaseworkflow,0,0,public,select * from public.outsidepurchaseworkflow,
outsidepurchaseworkflowitem,0,0,public,select * from public.outsidepurchaseworkflowitem,
paceconnect,26,25,c001,select * from c001.paceconnect,N
paceconnectcomment,0,0,public,select * from public.paceconnectcomment,
paceconnectdatabaseconnection,0,0,public,select * from public.paceconnectdatabaseconnection,
paceconnectevent,0,0,public,select * from public.paceconnectevent,
paceconnectexpression,20,29,public,select * from public.paceconnectexpression,N
paceconnectexpressionmap,0,0,public,select * from public.paceconnectexpressionmap,
paceconnectexternalexpression,0,0,public,select * from public.paceconnectexternalexpression,
paceconnectfailedoutput,0,0,public,select * from public.paceconnectfailedoutput,
paceconnectfieldmigration,9,85,public,select * from public.paceconnectfieldmigration,N
paceconnectfile,0,0,public,select * from public.paceconnectfile,
paceconnectheader,0,0,public,select * from public.paceconnectheader,
paceconnectjmfmessagetype,0,0,public,select * from public.paceconnectjmfmessagetype,
paceconnectjmfqueueentry,0,0,public,select * from public.paceconnectjmfqueueentry,
paceconnectlocation,1,0,c001,select * from c001.paceconnectlocation,
paceconnectmap,8,0,c001,select * from c001.paceconnectmap,
paceconnectmapconfig,0,0,public,select * from public.paceconnectmapconfig,
paceconnectmapconfigentry,0,0,public,select * from public.paceconnectmapconfigentry,
paceconnectobjectmigration,4,41,public,select * from public.paceconnectobjectmigration,N
paceconnectpendingfile,0,0,public,select * from public.paceconnectpendingfile,
paceconnectpendingfileparameter,0,0,public,select * from public.paceconnectpendingfileparameter,
paceconnectresult,3607,7951,public,select * from public.paceconnectresult,N
paceconnectsizemap,0,0,public,select * from public.paceconnectsizemap,
paceconnectsync,0,0,public,select * from public.paceconnectsync,
pacequotesetup,1,1,public,select * from public.pacequotesetup,N
padding,1,1,public,select * from public.padding,N
papercost,529,520,c001,select * from c001.papercost,Y
papersize,542,549,public,select * from public.papersize,Y
papersizeinventory,0,546,public,select * from public.papersizeinventory,
papertype,169,164,c001,select * from c001.papertype,Y
papertypeactivity,0,20,public,select * from public.papertypeactivity,
paperweight,212,240,public,select * from public.paperweight,Y
patterncategory,0,0,public,select * from public.patterncategory,
patternsizeallowance,2,105,public,select * from public.patternsizeallowance,Y
payment,6,942,public,select * from public.payment,Y
paymentbatch,5,757,public,select * from public.paymentbatch,N
paymentline,14,41654,public,select * from public.paymentline,N
paymentmethod,0,0,public,select * from public.paymentmethod,
payrollbatch,0,0,public,select * from public.payrollbatch,
payrollcheck,0,0,public,select * from public.payrollcheck,
payrollcheckline,0,0,public,select * from public.payrollcheckline,
payrollchecktype,4,4,public,select * from public.payrollchecktype,N
payrolldeductiontype,17,17,public,select * from public.payrolldeductiontype,N
payrollpaytype,10,10,public,select * from public.payrollpaytype,N
payrollpaytypeexcludededuction,0,0,public,select * from public.payrollpaytypeexcludededuction,
payrollsetup,1,1,public,select * from public.payrollsetup,N
payrolltaxtable,9,9,public,select * from public.payrolltaxtable,N
payrolltaxtableline,766,766,public,select * from public.payrolltaxtableline,N
permission,26243,27423,public,select * from public.permission,N
permitbilling,4,4,public,select * from public.permitbilling,N
permitprint,2,2,public,select * from public.permitprint,N
permitused,2,2,public,select * from public.permitused,N
persistentqueue,0,0,public,select * from public.persistentqueue,
plate,6,15,public,select * from public.plate,Y
posetup,1,1,public,select * from public.posetup,N
postagetype,3,3,public,select * from public.postagetype,N
postatus,6,6,public,select * from public.postatus,Y
prepactivity,25,12,c001,select * from c001.prepactivity,N
prepmethod,11,6,c001,select * from c001.prepmethod,N
prepresscost,9,16,public,select * from public.prepresscost,N
prepressitem,8,14,public,select * from public.prepressitem,Y
prepressitemgroup,1,1,public,select * from public.prepressitemgroup,Y
prepresssize,9,16,public,select * from public.prepresssize,N
prepressworkflow,11,7,c001,select * from c001.prepressworkflow,N
press,10,17,public,select * from public.press,Y
pressconsolebutton,0,0,public,select * from public.pressconsolebutton,
presscutoff,0,14,public,select * from public.presscutoff,
pressevent,1,7,public,select * from public.pressevent,Y
presseventruncostbasis,5,5,public,select * from public.presseventruncostbasis,N
presseventworkflow,0,1,public,select * from public.presseventworkflow,
presseventworkflowitem,0,1,public,select * from public.presseventworkflowitem,
pressfeeddirection,0,0,public,select * from public.pressfeeddirection,
pressinktype,7,9,public,select * from public.pressinktype,Y
pressspeed,20,44,public,select * from public.pressspeed,N
presstype,7,7,public,select * from public.presstype,Y
presstypeinktype,7,7,public,select * from public.presstypeinktype,Y
presstypespeedmethod,7,7,public,select * from public.presstypespeedmethod,Y
previouspassword,0,8,public,select * from public.previouspassword,
price,0,0,public,select * from public.price,
pricedetail,0,0,public,select * from public.pricedetail,
pricelist,4,1,c001,select * from c001.pricelist,Y
pricelistline,428,0,c001,select * from c001.pricelistline,
printcase,2,2,public,select * from public.printcase,Y
printer,0,1,public,select * from public.printer,
printerpapermapping,0,0,public,select * from public.printerpapermapping,
printersettings,0,1,public,select * from public.printersettings,
printrunmethod,56,44,c001,select * from c001.printrunmethod,Y
printservice,582,538,c001,select * from c001.printservice,Y
printstreambatch,0,0,public,select * from public.printstreambatch,
printstreamlot,0,0,public,select * from public.printstreamlot,
printtype,2,2,public,select * from public.printtype,Y
priority,1,1,public,select * from public.priority,Y
product,0,0,public,select * from public.product,
productexpression,0,0,public,select * from public.productexpression,
productgroup,6,1,c001,select * from c001.productgroup,Y
productiontype,6,6,public,select * from public.productiontype,Y
productitem,874,0,c001,select * from c001.productitem,
productorder,0,0,public,select * from public.productorder,
productprice,938,0,c001,select * from c001.productprice,
productquantity,0,0,public,select * from public.productquantity,
producttemplate,0,0,public,select * from public.producttemplate,
producttype,15,1,c001,select * from c001.producttype,Y
proof,0,0,public,select * from public.proof,
purchaseorder,29,8099,public,select * from public.purchaseorder,Y
purchaseorderline,44,23376,public,select * from public.purchaseorderline,Y
purchaseorderlineshipto,0,0,public,select * from public.purchaseorderlineshipto,
purchaseorderreceipt,16,22596,public,select * from public.purchaseorderreceipt,Y
purchaseordertype,3,3,public,select * from public.purchaseordertype,Y
purchasingauthorization,0,0,public,select * from public.purchasingauthorization,
quantity,0,0,public,select * from public.quantity,
quantitylabel,1,0,c001,select * from c001.quantitylabel,
quantitypricediscount,121,80,c001,select * from c001.quantitypricediscount,Y
question,0,0,public,select * from public.question,
questionnairepart,0,0,public,select * from public.questionnairepart,
questionnaireproduct,0,0,public,select * from public.questionnaireproduct,
questionnaireresponse,0,0,public,select * from public.questionnaireresponse,
questionnairestatus,4,4,public,select * from public.questionnairestatus,N
questionnairetopic,0,0,public,select * from public.questionnairetopic,
questionnairetype,0,0,public,select * from public.questionnairetype,
queuednotification,0,0,public,select * from public.queuednotification,
quote,862,0,c001,select * from c001.quote,
quotecalcmessage,702,0,c001,select * from c001.quotecalcmessage,
quotecategory,77,6,c001,select * from c001.quotecategory,Y
quotecategorygroup,0,0,public,select * from public.quotecategorygroup,
quotecomponent,0,0,public,select * from public.quotecomponent,
quotedepartment,13,2,c001,select * from c001.quotedepartment,Y
quoteexpression,27,20,c001,select * from c001.quoteexpression,Y
quoteitem,303,0,c001,select * from c001.quoteitem,
quoteitemprice,440,0,c001,select * from c001.quoteitemprice,
quoteitemtype,902,2,c001,select * from c001.quoteitemtype,Y
quoteitemtypeactivitycode,8,0,c001,select * from c001.quoteitemtypeactivitycode,
quoteitemtypeinventoryitem,24,0,c001,select * from c001.quoteitemtypeinventoryitem,
quoteitemtypeprintservice,18,0,c001,select * from c001.quoteitemtypeprintservice,
quoteitemtypeudf,0,0,public,select * from public.quoteitemtypeudf,
quoteletter,1,0,c001,select * from c001.quoteletter,
quoteletternote,1,0,c001,select * from c001.quoteletternote,
quotelettertext,1,2,public,select * from public.quotelettertext,N
quotelettertype,2,2,public,select * from public.quotelettertype,N
quotelettertypetext,1,10,public,select * from public.quotelettertypetext,N
quotenote,0,0,public,select * from public.quotenote,
quoteprice,913,0,c001,select * from c001.quoteprice,
quoteproduct,870,0,c001,select * from c001.quoteproduct,
quoteproductcontentfile,0,0,public,select * from public.quoteproductcontentfile,
quotequantity,913,0,c001,select * from c001.quotequantity,
quoteshipment,0,0,public,select * from public.quoteshipment,
ratelevel,10,10,public,select * from public.ratelevel,Y
receivable,14,42503,public,select * from public.receivable,Y
receivableline,33,121677,public,select * from public.receivableline,Y
receivablepaymentgroup,0,0,public,select * from public.receivablepaymentgroup,
receivablepaymentgroupline,0,0,public,select * from public.receivablepaymentgroupline,
recentitem,98,544,public,select * from public.recentitem,Y
recurrence,39,45,public,select * from public.recurrence,N
relatedinventoryitems,0,0,public,select * from public.relatedinventoryitems,
relaydatetime,0,0,public,select * from public.relaydatetime,
report,322,323,public,select * from public.report,N
report_apdetail,0,0,public,select * from public.report_apdetail,
report_ardetail,0,0,public,select * from public.report_ardetail,
report_bundletag,0,0,public,select * from public.report_bundletag,
report_customerstatement,0,0,public,select * from public.report_customerstatement,
report_cyclecountworksheet,0,0,public,select * from public.report_cyclecountworksheet,
report_estimatequantitysort,0,0,public,select * from public.report_estimatequantitysort,
report_estimatequantitysortforproduct,0,0,public,select * from public.report_estimatequantitysortforproduct,
report_glbalancesheet,0,405,public,select * from public.report_glbalancesheet,
report_glincomestatement,0,1008,public,select * from public.report_glincomestatement,
report_glquarterlyincomestatement,0,0,public,select * from public.report_glquarterlyincomestatement,
report_glschedules,0,0,public,select * from public.report_glschedules,
report_pricelistrevenue,0,0,public,select * from public.report_pricelistrevenue,
report_salesactivity,0,0,public,select * from public.report_salesactivity,
report_shippinglabel,0,223,public,select * from public.report_shippinglabel,
report_skidpackingslip,0,0,public,select * from public.report_skidpackingslip,
report_trialbalance,0,0,public,select * from public.report_trialbalance,
report_trialbalance_sql,0,16,public,select * from public.report_trialbalance_sql,
report_trialbalancebydate,0,0,public,select * from public.report_trialbalancebydate,
reportcategory,17,17,public,select * from public.reportcategory,N
reportcondition,0,0,public,select * from public.reportcondition,
reportemailrecipient,9,9,public,select * from public.reportemailrecipient,N
reportfile,1,7,public,select * from public.reportfile,N
reportpackage,1,1,public,select * from public.reportpackage,N
reportpackageentry,2,2,public,select * from public.reportpackageentry,N
reportpackageentryparameter,29,29,public,select * from public.reportpackageentryparameter,N
reportpaper,53,54,public,select * from public.reportpaper,N
reportparameter,2159,2156,c001,select * from c001.reportparameter,N
reportprinter,0,4,public,select * from public.reportprinter,
reportsettings,1,1,public,select * from public.reportsettings,N
reportversioncategory,0,0,public,select * from public.reportversioncategory,
returnprint,2,2,public,select * from public.returnprint,N
revenuetype,3,3,public,select * from public.revenuetype,N
revision,0,0,public,select * from public.revision,
router,2,0,c001,select * from c001.router,
routingtemplate,0,1,public,select * from public.routingtemplate,
routingtemplateorder,0,62,public,select * from public.routingtemplateorder,
routingtemplateorderactivitycode,0,0,public,select * from public.routingtemplateorderactivitycode,
rsschannel,0,0,public,select * from public.rsschannel,
rushcharge,0,0,public,select * from public.rushcharge,
salescategory,17,19,public,select * from public.salescategory,Y
salescategorytaxrate,0,0,public,select * from public.salescategorytaxrate,
salesperson,8,4,c001,select * from c001.salesperson,Y
salesstage,7,7,public,select * from public.salesstage,Y
salestax,357,191,c001,select * from c001.salestax,Y
salutation,0,0,public,select * from public.salutation,
samples,2,2,public,select * from public.samples,N
scheduledtask,46,67,public,select * from public.scheduledtask,N
scheduledtaskemailrecipient,0,0,public,select * from public.scheduledtaskemailrecipient,
scheduledtasknotificationrecipient,0,0,public,select * from public.scheduledtasknotificationrecipient,
scheduledtaskoutputlocation,0,0,public,select * from public.scheduledtaskoutputlocation,
scheduledtaskparameter,0,0,public,select * from public.scheduledtaskparameter,
scheduledtaskresult,6347,6413,public,select * from public.scheduledtaskresult,N
schedulestatus,9,9,public,select * from public.schedulestatus,N
schedulingflag,0,399311,public,select * from public.schedulingflag,
securityfilter,0,4,public,select * from public.securityfilter,
securityfilteritem,0,2,public,select * from public.securityfilteritem,
securityfilterrelationtype,39,39,public,select * from public.securityfilterrelationtype,N
securityfiltertype,9,9,public,select * from public.securityfiltertype,N
shipmenttype,14,13,c001,select * from c001.shipmenttype,Y
shippingappsettings,1,1,public,select * from public.shippingappsettings,N
shippingworkflow,0,12,public,select * from public.shippingworkflow,
shippingworkflowfinishingop,0,17,public,select * from public.shippingworkflowfinishingop,
shipprovider,8,9,public,select * from public.shipprovider,Y
shipratesheetentry,0,0,public,select * from public.shipratesheetentry,
shipvia,27,28,public,select * from public.shipvia,Y
shipzone,0,0,public,select * from public.shipzone,
shipzonepostalcode,0,0,public,select * from public.shipzonepostalcode,
shoppingcart,0,0,public,select * from public.shoppingcart,
shoppingcartextra,0,0,public,select * from public.shoppingcartextra,
shoppingcartextratemplate,0,0,public,select * from public.shoppingcartextratemplate,
size,0,3,public,select * from public.size,
sizeallowancetype,8,8,public,select * from public.sizeallowancetype,Y
skid,0,4,public,select * from public.skid,
sourcetype,4,2,c001,select * from c001.sourcetype,Y
speedfactor,3,3,public,select * from public.speedfactor,N
standardpapertype,18,17,c001,select * from c001.standardpapertype,Y
state,577,574,c001,select * from c001.state,Y
statustype,5,6,public,select * from public.statustype,Y
subjobtype,22,33,public,select * from public.subjobtype,Y
subnotecategory,21,21,public,select * from public.subnotecategory,Y
subproductgroup,29,0,c001,select * from c001.subproductgroup,
suggestedroll,0,0,public,select * from public.suggestedroll,
syauditlog,49611,5443249,public,select * from public.syauditlog,N
systemgroup,56,63,public,select * from public.systemgroup,N
systemoptions,1,1,public,select * from public.systemoptions,N
systemuser,50,101,public,select * from public.systemuser,N
tag,0,0,public,select * from public.tag,
tagcategory,0,0,public,select * from public.tagcategory,
taxablecode,2,2,public,select * from public.taxablecode,Y
taxcategory,3,3,public,select * from public.taxcategory,Y
taxreport,0,0,public,select * from public.taxreport,
taxreportcategory,0,0,public,select * from public.taxreportcategory,
taxreportmonth,0,0,public,select * from public.taxreportmonth,
taxreportperiod,0,0,public,select * from public.taxreportperiod,
taxreportperiodcategory,0,0,public,select * from public.taxreportperiodcategory,
taxreportperiodcategorysalestax,0,0,public,select * from public.taxreportperiodcategorysalestax,
taxreportperiodmonthmapping,0,0,public,select * from public.taxreportperiodmonthmapping,
terms,8,19,public,select * from public.terms,Y
termsdiscount,0,7,public,select * from public.termsdiscount,
threeknife,0,0,public,select * from public.threeknife,
topic,0,0,public,select * from public.topic,
topicquestion,0,0,public,select * from public.topicquestion,
topicquestionresponsehandler,0,0,public,select * from public.topicquestionresponsehandler,
twitteraccount,0,0,public,select * from public.twitteraccount,
udfmetadata,0,0,public,select * from public.udfmetadata,
udometadata,0,0,public,select * from public.udometadata,
uom,108,49,c001,select * from c001.uom,Y
uomdimension,6,6,public,select * from public.uomdimension,Y
uomrange,22,22,public,select * from public.uomrange,Y
uomsetup,1,1,public,select * from public.uomsetup,N
uomtype,6,6,public,select * from public.uomtype,Y
userdefinedcontext,0,0,public,select * from public.userdefinedcontext,
userdefinedform,82,186,public,select * from public.userdefinedform,N
userdefinedformextractedobject,0,0,public,select * from public.userdefinedformextractedobject,
userdefinedformrequiredobject,0,0,public,select * from public.userdefinedformrequiredobject,
userdefinedincludableform,0,0,public,select * from public.userdefinedincludableform,
userdefinedinquiry,82,186,public,select * from public.userdefinedinquiry,N
userdefinedinquirycategory,5,10,public,select * from public.userdefinedinquirycategory,N
userdefinedinquirycontextmenuobject,0,4,public,select * from public.userdefinedinquirycontextmenuobject,
userdefinedinquiryrecipient,0,0,public,select * from public.userdefinedinquiryrecipient,
userdefinedlist,0,0,public,select * from public.userdefinedlist,
userdefinedmenu,1,1,public,select * from public.userdefinedmenu,N
userdefinedmenuitem,17,6,c001,select * from c001.userdefinedmenuitem,N
userdefinedview,1,1,public,select * from public.userdefinedview,N
userform,0,0,public,select * from public.userform,
userinterfaceset,7,7,public,select * from public.userinterfaceset,N
velocitytemplate,2,2,public,select * from public.velocitytemplate,N
vendor,3028,2259,c001,select * from c001.vendor,Y
vendorcertification,0,0,public,select * from public.vendorcertification,
vendornote,0,0,public,select * from public.vendornote,
vendorpaper,0,0,public,select * from public.vendorpaper,
vendorpaperprice,0,0,public,select * from public.vendorpaperprice,
vendortype,1,2,public,select * from public.vendortype,Y
virtualprinter,0,0,public,select * from public.virtualprinter,
wipcategory,1,9,public,select * from public.wipcategory,Y
workstation,6,23,public,select * from public.workstation,Y
workstationactivitycode,60,703,public,select * from public.workstationactivitycode,N
workstationemployee,30,335,public,select * from public.workstationemployee,N
workstationinventoryitem,0,0,public,select * from public.workstationinventoryitem,
workstationnonchargeabletype,0,205,public,select * from public.workstationnonchargeabletype,
workstationnonplannedreason,0,71,public,select * from public.workstationnonplannedreason,
wrapstyle,0,0,public,select * from public.wrapstyle,
